"id","part","m","int_t","target_n","beta_m","beta_s","v_sh","v_r","setup_r_a","setup_r_b","exp_t","thr"
28,7,30,0.5,352,2.994,0.0588,500,1667,200,40,2.65330454661061,3.18396545593273
72,2,30,0.5,788,1.75,0.289,5,100,10,2,7.37777326528959,8.8533279183475
98,4,30,0.2,352,1.75,0.289,5,100,90,6,2.95555353982479,3.54666424778975
127,9,10,0.5,788,2.954,0.2889,30,100,90,6,4.27333596743694,5.12800316092433
